title,url,thumbnail_url,channel,description
"Film Theory: Encanto, The Madrigal Family SECRET!",https://www.youtube.com/watch?v=vRR0NzkVUq4,https://i.ytimg.com/vi/vRR0NzkVUq4/hqdefault.jpg?sqp=-oaymwEcCPYBEIoBSFXyq4qpAw4IARUAAIhCGAFwAcABBg==&rs=AOn4CLC-17V9mghX_Asz8qTqe1br--uU2Q,The Film Theorists,"Get your Theory Wear! ‚ñ∫ https://theorywear.com/ By the end of Encanto, we see Dolores united with her prince charming - or at least that is what it seems like from the outside. Theorists,..."
Moneybagg Yo - See Wat I‚Äôm Sayin [Official Music Video],https://www.youtube.com/watch?v=eXVaJDG0DNA,https://i.ytimg.com/vi/eXVaJDG0DNA/hqdefault.jpg?sqp=-oaymwEcCPYBEIoBSFXyq4qpAw4IARUAAIhCGAFwAcABBg==&rs=AOn4CLBOCsIpSLolJc1YOHx92YuFov6W9g,MoneyBagg Yo,‚ÄúSee Wat I‚Äôm Sayin‚Äù Out Now: http://MoneybaggYo.lnk.to/SeeWatImSayin Follow Moneybagg Yo: https://www.instagram.com/moneybaggyo/ https://twitter.com/moneybaggyo https://www.facebook.com/mo...
Star Wars Jedi: Survivor - Official Teaser,https://www.youtube.com/watch?v=4HLDaBGdnLc,https://i.ytimg.com/vi/4HLDaBGdnLc/hqdefault.jpg?sqp=-oaymwEcCPYBEIoBSFXyq4qpAw4IARUAAIhCGAFwAcABBg==&rs=AOn4CLAz-_fXTVfVEENyOTaldhzpy_Qx-Q,EA Star Wars,"‚ÄúWhat is your next move, Jedi?‚Äù Experience the next chapter of Cal Kestis‚Äô journey in STAR WARS Jedi: Survivor - coming in 2023. Picking up five years after the events of STAR WARS..."
I'm pissed off.,https://www.youtube.com/watch?v=ydktnHRHzDc,,jschlattLIVE,NEW RAMMIE DROP THIS TUESDAY @ 3PM ET: https://rammie.com Schlatt talks about why he hates airplane wifi so much. Twitch: https://twitch.tv/schlatt Twitter: https://twitter.com/jschlatt Instagram...
What if I Become EVERYONE? (Poppy Playtime: Chapter 2),https://www.youtube.com/watch?v=QW3uHakpzn4,,POPPY PLAY GAME,What if I Become EVERYONE? (Poppy Playtime: Chapter 2) Did you like the video? Subscribe to the channel! Hello! Welcome to the POPPY PLAY GAME channel! On my channel you will find cool videos...
100 Games - [Minecraft Bedwars],https://www.youtube.com/watch?v=8yS-Twk0Okk,,Luke TheNotable,"In this video, Luke TheNotable will play 100 Games of Minecraft Bedwars. This Minecraft minigame is one of the most popular in existence. Watch him try to god bridge and butterfly click his..."
WE ATTEMPTED THE DEADLY SWIM (Alcatraz to San Francisco),https://www.youtube.com/watch?v=M6H4dLs9kGU,,Kara and Nate,We swam from Alcatraz to the San Francisco shore! Do you think you could do it?! ü¶à Get Surfshark VPN at https://surfshark.deals/karaandnate - Enter promo code KARAANDNATE for 83% off and...
Turning Ourselves into BLOBS With @Chloe Rose Art,https://www.youtube.com/watch?v=dg-gwAinwMk,,Moriah Elizabeth,"Hey guys! Today is another collab with one of my favorite youtubers, chloe rose art! I decided to surprise her with a very interesting art/painting project where we turn ourselves into 2 of..."
I Ordered the 5 most VIRAL Tiktok Products,https://www.youtube.com/watch?v=dBdAJl1Lwg4,,HopeScope,"Tiktok made me buy it all... lots of deals and lots of disasters! We have everything from beautiful dresses, to mini objects you can actually use. More videos like this: I Bought MORE viral..."
Surprising FaZe Rug with 100 Mystery Presents!,https://www.youtube.com/watch?v=CwA4Twpl8Xw,,Jesser,Today I'm surprising FaZe Rug with 100 Mystery presents! ‚ñ∫ Surprising My Friends with 100 Mystery Amazon Presents! https://youtu.be/v86WfGhnNjo ‚ñ∫ I Opened 100 Mystery Boxes!! https://youtu.be...
